{
  "k": 3,
  "n_seeds": 5,
  "preprocess": "savgol_1deriv",
  "n_wavelengths_total": 228,
  "best_method": "Mutual Information",
  "best_score_pseudo": 0.9150040470094515,
  "teacher_mean": 0.9438562671349102,
  "teacher_std": 0.03082151947613108,
  "random_mean": 0.8007060129665804,
  "random_std": 0.06007987173569576,
  "best_wavelengths_nm": [
    "1509.5",
    "1506.3"
  ],
  "best_wavelengths_indices": [
    166,
    165
  ],
  "class_names": [
    "2",
    "3",
    "4"
  ]
}