{
  "k": 3,
  "n_seeds": 3,
  "preprocess": "savgol_1deriv",
  "n_wavelengths_total": 228,
  "best_method": "RFE (Linear SVM)",
  "best_score_pseudo": 0.9647846066691569,
  "teacher_mean": 0.9573422308057283,
  "teacher_std": 0.005872477973735306,
  "random_mean": 0.8530512475928435,
  "random_std": 0.04128488651574745,
  "best_wavelengths_nm": [
    "1509.5",
    "1173.4",
    "1515.9"
  ],
  "best_wavelengths_indices": [
    166,
    70,
    168
  ],
  "class_names": [
    "2",
    "3",
    "4"
  ],
  "avg_consensus": 0.0
}